file,step,task_id,prompt,response,correctness_0_5,completeness_0_5,clarity_0_5,notes,
step1_basic.json,basic,t1,"You are a helpful assistant.

Context:
FinCorp is building ""FinSense"", a personal finance and investment app for retail investors. Users can connect accounts, track portfolios, set savings goals, and receive personalized insights.
New roadmap items include: AI-driven investment suggestions, tax-loss harvesting, fractional-share trading, and enhanced budgeting automation.
The team monitors product and business metrics such as assets under management (AUM), customer acquisition cost (CAC), monthly active users (MAU), average revenue per user (ARPU), and churn rate.

Question:
Summarize the key features of the FinSense app.","Based on the provided information, here is a summary of the key features of the FinSense app:

1. Connecting accounts: Users can connect their financial accounts to FinSense.
2. Portfolio tracking: Users can track their investment portfolios and receive personalized insights through AI-driven recommendations.
3. Savings goals: Users can set savings goals and receive suggestions on how to achieve them.
4. Tax-loss harvesting: The app offers tax-loss harvesting capabilities, helping users optimize their investments by identifying and selling losing positions.
5. Fractional-share trading: FinSense allows users to trade fractional shares of securities, enabling diversification and cost-effective investing.
6. Enhanced budgeting automation: Users can automate their budgeting process, receiving alerts and notifications for changes in their financial situation.

These key features aim to provide a comprehensive platform for retail investors to manage their finances effectively and make informed investment decisions.

",5,5,5,"Accurate, faithful to the provided context; clear user_facing wording.",
step1_basic.json,basic,t2,"You are a helpful assistant.

Context:
FinCorp is building ""FinSense"", a personal finance and investment app for retail investors. Users can connect accounts, track portfolios, set savings goals, and receive personalized insights.
New roadmap items include: AI-driven investment suggestions, tax-loss harvesting, fractional-share trading, and enhanced budgeting automation.
The team monitors product and business metrics such as assets under management (AUM), customer acquisition cost (CAC), monthly active users (MAU), average revenue per user (ARPU), and churn rate.

Question:
List five KPIs FinCorp should track and explain why each matters.","Here are five KPIs that FinCorp should track, along with explanations of why they matter:

1. **Customer Acquisition Cost (CAC)**: CAC measures the cost of acquiring a new customer. Tracking CAC helps FinCorp understand how much it's spending to acquire new customers and adjust its marketing strategies accordingly.

Why it matters: Customer acquisition is crucial for growing the user base, which in turn fuels revenue growth. If FinCorp spends too little on acquiring new customers, it may not be able to scale its business effectively. On the other hand, if it spends too much, it may cannibalize its existing customer base or create unnecessary expenses.

2. **Monthly Active Users (MAU)**: MAU measures the number of active users of FinSense at any given time. Tracking MAU helps FinCorp understand user engagement and retention rates.

Why it matters: MAU is a key indicator of whether FinSense is meeting its business goals. If users are not engaging with the app, it may indicate that FinCorp needs to revamp its marketing strategies or improve the app's features. Conversely, if MAU is increasing, it suggests that FinSense is attracting new users.

3. **Average Revenue Per User (ARPU)**: ARPU measures the average revenue generated per user of FinSense. Tracking ARPU helps FinCorp understand its revenue growth and profitability.

Why it matters: ARPU is a critical metric for determining the financial health of the business. If ARPU is decreasing, it may indicate that FinCorp needs to adjust pricing or improve customer retention. Conversely, if ARPU is increasing, it suggests that FinSense is generating more revenue per user.

4. **Churn Rate**: Churn rate measures the percentage of users who cancel their subscriptions or accounts within a given period. Tracking churn rate helps FinCorp understand its customer loyalty and retention rates.

Why it matters: Customer churn can be costly for FinCorp, as it may result in lost revenue and negative word-of-mouth marketing. If FinCorp has high churn rates, it may need to re-evaluate its pricing strategies or improve the user experience to retain customers. Conversely, if churn rates are low, it suggests that FinSense is meeting customer expectations.

5. **Customer Lifetime Value (CLV)**: CLV measures the total revenue generated by a customer over their lifetime. Tracking CLV helps FinCorp understand its long-term revenue growth and profitability.

Why it matters: CLV is a key metric for determining whether FinSense is generating enough revenue to justify its costs and invest in future growth initiatives. If FinCorp has high CLVs, it suggests that the app is attracting and retaining customers at a rate that generates significant revenue. Conversely, if CLVs are low, it may indicate that FinSense needs to improve its customer retention strategies or adjust pricing.

",4,4,5,Good explanations. Model inferred CLV (not explicitly in context) and omitted AUM which was in the context Ń minor hallucination/omission,
step1_basic.json,basic,t3,"You are a helpful assistant.

Context:
FinCorp is building ""FinSense"", a personal finance and investment app for retail investors. Users can connect accounts, track portfolios, set savings goals, and receive personalized insights.
New roadmap items include: AI-driven investment suggestions, tax-loss harvesting, fractional-share trading, and enhanced budgeting automation.
The team monitors product and business metrics such as assets under management (AUM), customer acquisition cost (CAC), monthly active users (MAU), average revenue per user (ARPU), and churn rate.

Question:
Propose two experiments to increase assets under management (AUM).","To propose two experiments aimed at increasing assets under management (AUM) in FinSense, I'll outline a clear hypothesis for each experiment, describe the setup and methodology, and present potential results and recommendations.

**Experiment 1: ""Smart Portfolio Optimization""**

Hypothesis:

By implementing AI-driven investment suggestions, users will be more likely to adopt a more diversified portfolio, leading to increased AUM growth over time.

Setup:

* Divide existing user accounts into two groups: a control group (n = 100) and an experimental group (n = 200).
* The control group will remain on their current portfolio allocation.
* For the experimental group, provide access to FinSense's AI-driven investment suggestions based on users' financial goals, risk tolerance, and market conditions.
* Monitor AUM growth over a 12-month period.

Methodology:

* Collect data on user account information (e.g., investment history, risk profile) at the beginning of each quarter.
* Analyze the portfolio allocation in both groups using traditional methods versus AI-driven suggestions.
* Compare AUM growth between the two groups over time.

Results and Recommendations:

* The experimental group will exhibit a 10-15% increase in AUM growth compared to the control group.
* This suggests that implementing AI-driven investment suggestions can lead to more informed portfolio decisions, driving growth in user assets under management.

**Experiment 2: ""Fractional-Share Trading""**

Hypothesis:

By offering fractional-share trading, users will be more likely to invest in a wider range of assets, increasing AUM beyond traditional mutual funds and exchange-traded funds (ETFs).

Setup:

* Offer fractional-share trading for all non-existent or underutilized asset classes (e.g., private equity, real estate investment trusts).
* Introduce a ""fractional-sharing"" feature that allows users to split their portfolio across multiple accounts.
* Monitor AUM growth in the control group and experimental group.

Methodology:

* Collect data on user account information at the beginning of each quarter.
* Analyze the number of non-traditional asset classes held by users within both groups using traditional methods versus a new, AI-driven approach.
* Compare AUM growth between the two groups over time.

Results and Recommendations:

* The experimental group will exhibit an average increase in AUM growth of 5-10% compared to the control group.
* This suggests that offering fractional-share trading can lead to more diversified portfolios, increasing user assets under management.

By executing these experiments, FinSense can gather data on the effectiveness of AI-driven investment suggestions and fractional-share trading in growing assets under management. The results will inform product development decisions, enabling the company to make data-driven improvements to attract and retain users.

",4,4,5,"Well_structured experiments and metrics; speculative numeric uplift claims should be treated as hypotheses, not facts.",
step1_basic.json,basic,t4,"You are a helpful assistant.

Context:
FinCorp is building ""FinSense"", a personal finance and investment app for retail investors. Users can connect accounts, track portfolios, set savings goals, and receive personalized insights.
New roadmap items include: AI-driven investment suggestions, tax-loss harvesting, fractional-share trading, and enhanced budgeting automation.
The team monitors product and business metrics such as assets under management (AUM), customer acquisition cost (CAC), monthly active users (MAU), average revenue per user (ARPU), and churn rate.

Question:
Draft a short FAQ: 'How does goal-based investing work on FinSense?'","Here's a draft FAQ on how goal-based investing works on FinSense:

**Q: What is goal-based investing on FinSense?**
A: Goal-based investing on FinSense is an investment approach that helps users achieve their specific financial goals, such as saving for retirement, buying a house, or paying off debt. Our AI-driven platform uses user input to identify the best asset allocation and investment strategies tailored to each individual's unique goals.

**Q: How does it work?**
A: Users connect their accounts on FinSense and provide information about their financial goals, risk tolerance, income level, and other relevant factors. Based on this data, our AI engine creates a personalized investment plan that aligns with the user's objectives. This approach helps ensure users invest consistently towards their goals.

**Q: How does goal-based investing differ from traditional investing?**
A: Traditional investing often involves making one-size-fits-all investments without considering individual circumstances or goals. In contrast, FinSense' goal-based investing provides a tailored approach that takes into account the user's unique needs and objectives.

**Q: Is my personal information required for goal-based investing?**
A: No, your personal financial information is not shared with third parties. Our platform uses aggregated data to create personalized investment plans, but sensitive information is not accessed or stored on FinSense servers.

**Q: Are there any restrictions on goal-based investing?**
A: Yes, users can only invest up to their allocated capacity in each account. Additionally, our algorithm may recommend adjusting the portfolio periodically based on changing financial circumstances or new goals being set.

**Q: How will my investments be diversified and managed?**
A: FinSense' AI engine continuously monitors market conditions and adjusts the investment allocation accordingly. Our platform also offers options for diversifying portfolios across different asset classes and risk levels to ensure users remain invested according to their goals.

",4,4,5,Clear and user_friendly. Contains definitive privacy statements that may not reflect actual policy.,
step1_basic.json,basic,t5,"You are a helpful assistant.

Context:
FinCorp is building ""FinSense"", a personal finance and investment app for retail investors. Users can connect accounts, track portfolios, set savings goals, and receive personalized insights.
New roadmap items include: AI-driven investment suggestions, tax-loss harvesting, fractional-share trading, and enhanced budgeting automation.
The team monitors product and business metrics such as assets under management (AUM), customer acquisition cost (CAC), monthly active users (MAU), average revenue per user (ARPU), and churn rate.

Question:
Explain how CAC and LTV relate and why they are important for the business.","As a helpful assistant, I'd be happy to explain the relationship between Customer Acquisition Cost (CAC) and Customer Lifetime Value (LTV), as well as their importance in FinCorp's ""FinSense"" app.

**Customer Acquisition Cost (CAC)**:
Customer Acquisition Cost is the cost of acquiring one new customer. It represents the expenses incurred by FinCorp to attract a new user, such as advertising, marketing, and sales efforts. CAC can be thought of as a measure of how much it costs to get someone to sign up for the app.

**Customer Lifetime Value (LTV)**:
Customer Lifetime Value is the total value that a customer is expected to bring to FinCorp over their lifetime. It represents the estimated revenue generated by each customer, taking into account factors like retention rates, average revenue per user (ARPU), and churn rate. LTV can be calculated using data from customers who have engaged with the app in various ways, such as completing tasks or making transactions.

**Relationship between CAC and LTV**:
A high Customer Acquisition Cost and a high Customer Lifetime Value are not mutually exclusive. In fact, they often go hand-in-hand. When FinCorp invests more in acquiring new customers (lower CAC), the potential return on investment (ROI) is higher over time due to increased ARPU and retention rates.

Here's why:

1. **Increased Revenue**: With a larger customer base, FinCorp can generate more revenue from each customer.
2. **Higher Retention Rates**: As customers become more engaged with the app, they are likely to stay longer and make more transactions, resulting in higher LTV.
3. **Improved ARPU**: Higher retention rates lead to higher average revenue per user (ARPU), which is a key metric for evaluating financial performance.

**Why CAC and LTV are important for FinCorp's business**:
In the context of ""FinSense,"" both CAC and LTV are crucial for several reasons:

1. **Business Model**: A low CAC is essential to ensure that FinCorp can maintain a sustainable revenue stream from each customer.
2. **Investment Strategy**: Allocating resources effectively between marketing, sales, and product development depends on the balance between CAC and LTV.
3. **Customer Retention**: Focusing on high LTV customers can help FinCorp build a loyal customer base, reducing churn rates and increasing retention.

By understanding the relationship between CAC and LTV, FinCorp can make informed decisions about its marketing efforts, product development, and investment strategy to maximize returns for both customers and shareholders.

",3,4,3,Good coverage but contains confusing phrasing about investing and CAC/LTV; revise for precision and remove contradictory sentence.,
step1_basic.json,basic,t6,"You are a helpful assistant.

Context:
FinCorp is building ""FinSense"", a personal finance and investment app for retail investors. Users can connect accounts, track portfolios, set savings goals, and receive personalized insights.
New roadmap items include: AI-driven investment suggestions, tax-loss harvesting, fractional-share trading, and enhanced budgeting automation.
The team monitors product and business metrics such as assets under management (AUM), customer acquisition cost (CAC), monthly active users (MAU), average revenue per user (ARPU), and churn rate.

Question:
Recommend two low-risk investment strategies suitable for a conservative retail investor.","As a helpful assistant, I'd like to provide you with two low-risk investment strategies that may suit a conservative retail investor:

1. **Dividend-Paying Stocks**: This strategy involves investing in established companies with a history of paying consistent dividends. Dividend-paying stocks tend to be less volatile and offer relatively stable returns over the long term. Some examples of dividend-paying stocks include:
	* Johnson & Johnson (JNJ)
	* Procter & Gamble (PG)
	* Coca-Cola (KO)
	* ExxonMobil (XOM)
These investments typically have a lower beta score, indicating they are less sensitive to market fluctuations, and tend to be more conservative in their investment approach.

2. **Index Funds or ETFs**: This strategy involves investing in a diversified portfolio of stocks or bonds through index funds or ETFs. Index funds and ETFs track a specific market index, such as the S&P 500, and provide broad diversification and low fees. They tend to be less volatile than actively managed funds and can be a good option for conservative investors who want to minimize risk.

When choosing these strategies, consider the following:

* Diversification: Spread your investments across different asset classes to reduce risk.
* Low volatility: Avoid investments that are highly correlated with the overall market or have high beta scores.
* Fees: Look for low-cost index funds and ETFs to minimize fees.
* Liquidity: Consider investing in index funds and ETFs that offer liquid options, allowing you to easily buy and sell shares.

It's essential to remember that even low-risk investments carry some level of risk. It's always a good idea to:

* Consult with a financial advisor or conduct your own research before making investment decisions.
* Monitor and adjust your portfolio regularly to ensure it remains aligned with your investment goals and risk tolerance.
* Rebalance your portfolio periodically to maintain an optimal asset allocation.

Please keep in mind that these are general recommendations, and the suitability of these strategies for individual investors may vary. It's always a good idea to consult with a financial advisor or conduct your own research before making any investment decisions.

",4,4,4,the t6 reply includes specific stock picks and investment advice.Unknown from context,
step2_structured.json,structured,t1,"You are a helpful assistant. Return the answer in **strict JSON** with keys:
- ""answer"": string
- ""supporting_facts"": list of short strings derived from the context
- ""confidence"": number in [0,1]

Context:
FinCorp is building ""FinSense"", a personal finance and investment app for retail investors. Users can connect accounts, track portfolios, set savings goals, and receive personalized insights.
New roadmap items include: AI-driven investment suggestions, tax-loss harvesting, fractional-share trading, and enhanced budgeting automation.
The team monitors product and business metrics such as assets under management (AUM), customer acquisition cost (CAC), monthly active users (MAU), average revenue per user (ARPU), and churn rate.

Question:
Summarize the key features of the FinSense app.

If something is unknowable from the context, set ""confidence"": 0 and use an empty ""supporting_facts"".","```
{
  ""answer"": ""FinSense has several key features including AI-driven investment suggestions, tax-loss harvesting, fractional-share trading, enhanced budgeting automation, and a user-friendly interface."",
  ""supporting_facts"": [],
  ""confidence"": 0.7
}
```

",3,3,3,Answer lists roadmap features from context (good) but returned JSON inside code fence and left supporting_facts empty despite evidence in context; confidence not aligned with empty facts. Should return strict JSON with supporting_facts populated.,
step2_structured.json,structured,t2,"You are a helpful assistant. Return the answer in **strict JSON** with keys:
- ""answer"": string
- ""supporting_facts"": list of short strings derived from the context
- ""confidence"": number in [0,1]

Context:
FinCorp is building ""FinSense"", a personal finance and investment app for retail investors. Users can connect accounts, track portfolios, set savings goals, and receive personalized insights.
New roadmap items include: AI-driven investment suggestions, tax-loss harvesting, fractional-share trading, and enhanced budgeting automation.
The team monitors product and business metrics such as assets under management (AUM), customer acquisition cost (CAC), monthly active users (MAU), average revenue per user (ARPU), and churn rate.

Question:
List five KPIs FinCorp should track and explain why each matters.

If something is unknowable from the context, set ""confidence"": 0 and use an empty ""supporting_facts"".","```json
{
  ""answer"": ""KPIs to Track"",
  ""supporting_facts"": [
    {
      ""kpi"": ""assets under management (AUM)"",
      ""meaning"": ""Track AUM to understand the size and scope of FinCorp's assets, which affects profitability and risk.""
    },
    {
      ""kpi"": ""customer acquisition cost (CAC)"",
      ""meaning"": ""Monitor CAC to assess the effectiveness of marketing campaigns and identify areas for improvement.""
    },
    {
      ""kpi"": ""monthly active users (MAU)"",
      ""meaning"": ""Track MAU to evaluate user engagement, retention, and revenue growth.""
    },
    {
      ""kpi"": ""average revenue per user (ARPU)"",
      ""meaning"": ""Analyze ARPU to determine the average revenue generated by each user, which informs product development and optimization.""
    },
    {
      ""kpi"": ""churn rate"",
      ""meaning"": ""Monitor churn rate to identify trends, patterns, or areas for improvement in customer support and retention.""
    }
  ],
  ""confidence"": 0.8
}
```

",5,5,4,Answer lists roadmap features from context (good) but returned JSON inside code fence and left supporting_facts empty despite evidence in context; confidence not aligned with empty facts. Should return strict JSON with supporting_facts populated.,
step2_structured.json,structured,t3,"You are a helpful assistant. Return the answer in **strict JSON** with keys:
- ""answer"": string
- ""supporting_facts"": list of short strings derived from the context
- ""confidence"": number in [0,1]

Context:
FinCorp is building ""FinSense"", a personal finance and investment app for retail investors. Users can connect accounts, track portfolios, set savings goals, and receive personalized insights.
New roadmap items include: AI-driven investment suggestions, tax-loss harvesting, fractional-share trading, and enhanced budgeting automation.
The team monitors product and business metrics such as assets under management (AUM), customer acquisition cost (CAC), monthly active users (MAU), average revenue per user (ARPU), and churn rate.

Question:
Propose two experiments to increase assets under management (AUM).

If something is unknowable from the context, set ""confidence"": 0 and use an empty ""supporting_facts"".","```json
{
  ""answer"": ""Increase AUM with"",
  ""supporting_facts"": [
    ""AI-driven investment suggestions that prioritize risk-tolerant portfolios"",
    ""Tax-loss harvesting strategies to optimize returns""
  ],
  ""confidence"": 0.8
}
```

```json
{
  ""answer"": ""Focus on high-impact initiatives like"",
  ""supporting_facts"": [],
  ""confidence"": 0.7
}
```

Note: I've used the confidence value as a subjective estimate, but since the question didn't provide specific data or context about what is unknowable from the provided information, I've set it to a moderate level of uncertainty (0.8) for now. If you provide more context or details, I can reassess and adjust the confidence level accordingly.

",4,3,2,"Recommendations (AI suggestions, tax-loss harvesting) are relevant, but output contains multiple JSON blocks (duplicate/contradictory responses) and inconsistent supporting_facts. Must return a single well-formed JSON object.",
step2_structured.json,structured,t4,"You are a helpful assistant. Return the answer in **strict JSON** with keys:
- ""answer"": string
- ""supporting_facts"": list of short strings derived from the context
- ""confidence"": number in [0,1]

Context:
FinCorp is building ""FinSense"", a personal finance and investment app for retail investors. Users can connect accounts, track portfolios, set savings goals, and receive personalized insights.
New roadmap items include: AI-driven investment suggestions, tax-loss harvesting, fractional-share trading, and enhanced budgeting automation.
The team monitors product and business metrics such as assets under management (AUM), customer acquisition cost (CAC), monthly active users (MAU), average revenue per user (ARPU), and churn rate.

Question:
Draft a short FAQ: 'How does goal-based investing work on FinSense?'

If something is unknowable from the context, set ""confidence"": 0 and use an empty ""supporting_facts"".","**answer**: ""Goal-based investing on FinSense allows users to define specific financial goals, such as saving for a down payment on a house or retirement. The app will then provide personalized investment suggestions tailored to those goals.""

**supporting_facts**:
- ""Goal-based investing considers the user's overall financial situation and long-term plans.""
- ""The app uses AI-driven insights to recommend investments that align with the user's objectives.""
- ""Users can track their progress and adjust their strategies as needed.""

**confidence**: 0.9

",4,4,3,"Content of the FAQ is reasonable, but response is not JSON (uses markdown-style fields). supporting_facts entries are longer/inferential and not strict short strings. Must return strict JSON and ground any inferences.",
step2_structured.json,structured,t5,"You are a helpful assistant. Return the answer in **strict JSON** with keys:
- ""answer"": string
- ""supporting_facts"": list of short strings derived from the context
- ""confidence"": number in [0,1]

Context:
FinCorp is building ""FinSense"", a personal finance and investment app for retail investors. Users can connect accounts, track portfolios, set savings goals, and receive personalized insights.
New roadmap items include: AI-driven investment suggestions, tax-loss harvesting, fractional-share trading, and enhanced budgeting automation.
The team monitors product and business metrics such as assets under management (AUM), customer acquisition cost (CAC), monthly active users (MAU), average revenue per user (ARPU), and churn rate.

Question:
Explain how CAC and LTV relate and why they are important for the business.

If something is unknowable from the context, set ""confidence"": 0 and use an empty ""supporting_facts"".","```json
{
  ""answer"": ""CAC and LTV are complementary metrics that provide insights into FinSense's product and business performance."",
  ""supporting_facts"": [
    ""- CAC (Customer Acquisition Cost): This metric measures the cost of acquiring a new customer, including marketing expenses, fees, and other costs."",
    ""- LTV (Lifetime Value): This metric calculates the average lifetime value of an existing customer, taking into account their retention rate, spending habits, and demographic characteristics.""
  ],
  ""confidence"": 0.8
}
```

",4,4,4,"JSON structure mostly ok; supporting_facts contain hyphen-prefixed, multi-line strings (minor format issue). LTV description is a bit vague but acceptable. Prefer concise supporting_facts strings.",
step2_structured.json,structured,t6,"You are a helpful assistant. Return the answer in **strict JSON** with keys:
- ""answer"": string
- ""supporting_facts"": list of short strings derived from the context
- ""confidence"": number in [0,1]

Context:
FinCorp is building ""FinSense"", a personal finance and investment app for retail investors. Users can connect accounts, track portfolios, set savings goals, and receive personalized insights.
New roadmap items include: AI-driven investment suggestions, tax-loss harvesting, fractional-share trading, and enhanced budgeting automation.
The team monitors product and business metrics such as assets under management (AUM), customer acquisition cost (CAC), monthly active users (MAU), average revenue per user (ARPU), and churn rate.

Question:
Recommend two low-risk investment strategies suitable for a conservative retail investor.

If something is unknowable from the context, set ""confidence"": 0 and use an empty ""supporting_facts"".","**{ ""answer"": ""Low-Risk Investments"", ""supporting_facts"": [], ""confidence"": 0.8 }**

Based on FinCorp's products and business metrics, I recommend two low-risk investment strategies suitable for a conservative retail investor:

1. **Dividend-paying Stocks**: These investments typically provide a relatively stable source of income, which can help balance out market volatility. With the goal of building wealth over time, dividend-paying stocks offer a proven track record of generating returns.
2. **Bonds with Low-Yield Currencies**: For conservative investors, bonds with low-yield currencies like U.S. Treasury bills or commercial paper may be suitable options. These investments tend to be less volatile and provide a relatively stable return, while still allowing for diversification across various asset classes.

These investment strategies are considered low-risk due to their fixed income nature, which reduces the likelihood of significant losses.

",3,3,2,"Recommendations (dividend stocks, bonds) are plausible but not clearly grounded in the context; response mixes bolded JSON and free text, supporting_facts empty, and phrasing like Ňlow-yield currenciesÓ is unclear. Must return a single strict JSON object with concrete supporting_facts or set confidence=0.",
step3_fewshot.json,fewshot,t1,"You are a helpful assistant. Here are some QA examples:

Q: What does AUM mean?
A: Assets under management â€” the total market value of assets that FinCorp manages on behalf of users.

Q: Name two roadmap features in FinSense and briefly describe them.
A: - AI-driven investment suggestions: personalized portfolio recommendations based on user risk profile and goals.
- Tax-loss harvesting: automated tax-aware trades to realize losses and optimize after-tax returns.

Q: Suggest one experiment to increase MAU (monthly active users).
A: Run targeted onboarding nudges and personalized push notifications that surface portfolio insights to re-engage inactive users.

Now answer the new question using the context below.

Context:
FinCorp is building ""FinSense"", a personal finance and investment app for retail investors. Users can connect accounts, track portfolios, set savings goals, and receive personalized insights.
New roadmap items include: AI-driven investment suggestions, tax-loss harvesting, fractional-share trading, and enhanced budgeting automation.
The team monitors product and business metrics such as assets under management (AUM), customer acquisition cost (CAC), monthly active users (MAU), average revenue per user (ARPU), and churn rate.

Question:
Summarize the key features of the FinSense app.","Based on the context, here are the key features of the FinSense app:

1. Personalized investment suggestions: AI-driven recommendations tailored to individual risk profiles and goals.
2. Tax-loss harvesting: Automated tax-aware trades that optimize after-tax returns.
3. Fractional-share trading: Allowing users to invest in fractional shares of stocks or other assets, making it more accessible for a wider range of investors.
4. Enhanced budgeting automation: Customizable budgets and alerts to help users track their spending and stay on top of their finances.

These features aim to provide users with a comprehensive personal finance and investment experience, helping them achieve their financial goals.

",5,5,5,"Clear, accurate summary of FinSense features from the context; well-formatted and fully grounded.",
step3_fewshot.json,fewshot,t2,"You are a helpful assistant. Here are some QA examples:

Q: What does AUM mean?
A: Assets under management â€” the total market value of assets that FinCorp manages on behalf of users.

Q: Name two roadmap features in FinSense and briefly describe them.
A: - AI-driven investment suggestions: personalized portfolio recommendations based on user risk profile and goals.
- Tax-loss harvesting: automated tax-aware trades to realize losses and optimize after-tax returns.

Q: Suggest one experiment to increase MAU (monthly active users).
A: Run targeted onboarding nudges and personalized push notifications that surface portfolio insights to re-engage inactive users.

Now answer the new question using the context below.

Context:
FinCorp is building ""FinSense"", a personal finance and investment app for retail investors. Users can connect accounts, track portfolios, set savings goals, and receive personalized insights.
New roadmap items include: AI-driven investment suggestions, tax-loss harvesting, fractional-share trading, and enhanced budgeting automation.
The team monitors product and business metrics such as assets under management (AUM), customer acquisition cost (CAC), monthly active users (MAU), average revenue per user (ARPU), and churn rate.

Question:
List five KPIs FinCorp should track and explain why each matters.","Based on the provided context, here are five KPIs that FinCorp should track to measure the success of ""FinSense"" and make data-driven decisions:

1. **Monthly Active Users (MAU)**: This KPI measures the number of active users who have logged in to FinSense at least once within a specific timeframe. Tracking MAU is essential because it indicates how engaged users are with the app, which can impact retention rates and overall user satisfaction.

2. **Assets Under Management (AUM)**: FinCorp should track AUM to measure the total value of assets under management, which reflects the growth and profitability of the business. This KPI helps the team understand if investments are generating sufficient returns for users and if the app is effective in managing user wealth.

3. **Customer Acquisition Cost (CAC)**: CAC measures the cost at which a new customer is acquired through FinSense. By tracking this KPI, FinCorp can identify areas where costs are increasing and adjust marketing strategies or pricing to optimize ROI.

4. **Average Revenue Per User (ARPU)**: ARPU is a key metric that helps FinCorp understand if users are generating sufficient revenue from the app. Tracking ARPU allows the team to assess if the value proposition of FinSense is resonating with users and if investment recommendations are delivering expected returns.

5. **Churn Rate**: The churn rate measures the percentage of users who cancel their subscriptions or accounts within a specific timeframe. By tracking this KPI, FinCorp can identify high-risk user segments that require targeted interventions to retain existing users and prevent defection. This helps the team prioritize resources and optimize retention strategies for high-value customers.

Each of these KPIs provides valuable insights into different aspects of the ""FinSense"" experience, enabling the company to refine its offerings, improve user engagement, and drive business growth.

",5,5,5,Correct KPI list and rationale; directly grounded in the provided metrics.,
step3_fewshot.json,fewshot,t3,"You are a helpful assistant. Here are some QA examples:

Q: What does AUM mean?
A: Assets under management â€” the total market value of assets that FinCorp manages on behalf of users.

Q: Name two roadmap features in FinSense and briefly describe them.
A: - AI-driven investment suggestions: personalized portfolio recommendations based on user risk profile and goals.
- Tax-loss harvesting: automated tax-aware trades to realize losses and optimize after-tax returns.

Q: Suggest one experiment to increase MAU (monthly active users).
A: Run targeted onboarding nudges and personalized push notifications that surface portfolio insights to re-engage inactive users.

Now answer the new question using the context below.

Context:
FinCorp is building ""FinSense"", a personal finance and investment app for retail investors. Users can connect accounts, track portfolios, set savings goals, and receive personalized insights.
New roadmap items include: AI-driven investment suggestions, tax-loss harvesting, fractional-share trading, and enhanced budgeting automation.
The team monitors product and business metrics such as assets under management (AUM), customer acquisition cost (CAC), monthly active users (MAU), average revenue per user (ARPU), and churn rate.

Question:
Propose two experiments to increase assets under management (AUM).","Based on the context, here are two potential experiments to increase AUM in FinSense:

Experiment 1: **""Invest in Yourself"" Program**

Objective: To increase AUM by promoting user-driven investment research and education.

Approach:

* Partner with industry thought leaders, investment experts, or online course providers to offer exclusive educational content for FinSense users.
* Create a series of personalized investment-themed articles, webinars, or video tutorials that provide actionable insights on various asset classes.
* Offer a ""Invest in Yourself"" tier, which provides access to these resources and expert guidance at an additional premium.
* Track the engagement metrics (e.g., user downloads, watch hours) and adjust the content strategy based on feedback.

Expected outcome: Improved AUM growth as users become more knowledgeable about investing and make more informed decisions.

Experiment 2: **""Trade Smart with Us"" Program**

Objective: To increase AUM by promoting fractional-share trading for small investors.

Approach:

* Introduce a ""Fractional Share Trading"" feature that allows users to invest in individual stocks, ETFs, or mutual funds through FinSense.
* Offer competitive pricing and attractive terms (e.g., lower fees) to incentivize users to adopt this new product offering.
* Develop targeted marketing campaigns targeting small investors who may not have access to fractional-share trading options elsewhere.
* Monitor the adoption rate and adjust the promotion strategy as needed.

Expected outcome: Increased AUM growth from fractional-share trading, driven by increased user engagement and adoption of new features.

",4,5,5,Experiments are plausible and relevant (education & fractional shares). The first experiment includes a premium/tier idea not stated in context Ń acceptable as an experiment but slightly speculative.,
step3_fewshot.json,fewshot,t4,"You are a helpful assistant. Here are some QA examples:

Q: What does AUM mean?
A: Assets under management â€” the total market value of assets that FinCorp manages on behalf of users.

Q: Name two roadmap features in FinSense and briefly describe them.
A: - AI-driven investment suggestions: personalized portfolio recommendations based on user risk profile and goals.
- Tax-loss harvesting: automated tax-aware trades to realize losses and optimize after-tax returns.

Q: Suggest one experiment to increase MAU (monthly active users).
A: Run targeted onboarding nudges and personalized push notifications that surface portfolio insights to re-engage inactive users.

Now answer the new question using the context below.

Context:
FinCorp is building ""FinSense"", a personal finance and investment app for retail investors. Users can connect accounts, track portfolios, set savings goals, and receive personalized insights.
New roadmap items include: AI-driven investment suggestions, tax-loss harvesting, fractional-share trading, and enhanced budgeting automation.
The team monitors product and business metrics such as assets under management (AUM), customer acquisition cost (CAC), monthly active users (MAU), average revenue per user (ARPU), and churn rate.

Question:
Draft a short FAQ: 'How does goal-based investing work on FinSense?'","Here's a draft of the FAQ:

**Q: How does goal-based investing work on FinSense?**

A: On FinSense, you can set specific financial goals for your portfolio, such as saving for a down payment on a house, paying off debt, or building wealth. Our AI-driven investment suggestions will help you create a customized investment plan that aligns with your goals and risk tolerance. By regularly reviewing and adjusting your portfolio, you'll be on track to meet your objectives and achieve financial success.

**Q: What sets FinSense's goal-based investing apart from other apps?**

A: With FinSense, our platform provides personalized guidance and optimization to help users achieve their long-term financial goals. Our AI engine analyzes user data, risk profiles, and market conditions to create a tailored investment strategy that balances risk and reward.

**Q: Can I set multiple goals with different priorities?**

A: Yes! On FinSense, you can prioritize your goals by creating separate portfolios for each goal. For example, one portfolio might focus on long-term growth, while another prioritizes short-term needs like emergency funding or paying off high-interest debt. Our AI-driven investment suggestions will help you allocate assets and make adjustments as needed to ensure you're meeting all your financial objectives.

",5,5,5,FAQ is well-aligned with context (goal-setting + AI suggestions) and clear.,
step3_fewshot.json,fewshot,t5,"You are a helpful assistant. Here are some QA examples:

Q: What does AUM mean?
A: Assets under management â€” the total market value of assets that FinCorp manages on behalf of users.

Q: Name two roadmap features in FinSense and briefly describe them.
A: - AI-driven investment suggestions: personalized portfolio recommendations based on user risk profile and goals.
- Tax-loss harvesting: automated tax-aware trades to realize losses and optimize after-tax returns.

Q: Suggest one experiment to increase MAU (monthly active users).
A: Run targeted onboarding nudges and personalized push notifications that surface portfolio insights to re-engage inactive users.

Now answer the new question using the context below.

Context:
FinCorp is building ""FinSense"", a personal finance and investment app for retail investors. Users can connect accounts, track portfolios, set savings goals, and receive personalized insights.
New roadmap items include: AI-driven investment suggestions, tax-loss harvesting, fractional-share trading, and enhanced budgeting automation.
The team monitors product and business metrics such as assets under management (AUM), customer acquisition cost (CAC), monthly active users (MAU), average revenue per user (ARPU), and churn rate.

Question:
Explain how CAC and LTV relate and why they are important for the business.","I'd be happy to help you understand CAC and LTV in the context of FinSense.

CAC stands for Customer Acquisition Cost, which refers to the amount spent by a customer to acquire a new one. In other words, it's the cost of getting someone from our website or marketing channels into our app. For FinSense, this means paying customers to sign up with us, whether they're looking for investment advice, account management, or portfolio tracking.

LTV stands for Lifetime Value, which is essentially the potential earnings or income that a customer can generate over their lifetime using our services. It's calculated by multiplying the average revenue per user (ARPU) by the number of customers acquired. In other words, LTV represents the expected future value of acquiring new users and keeping them engaged.

Now, here's why CAC and LTV are important for FinSense:

1. **Customer acquisition cost**: A high CAC means that our business is spending too much to acquire new customers. This can lead to a low customer lifetime value (CLTV), meaning we're not getting the most out of each user over time. By reducing our CAC, we can increase CLTV and attract more users.
2. **Lifetime value**: A high LTV indicates that our services are providing significant value to each customer over their lifetime. This is crucial for FinSense as it means we're building a sustainable business model that can generate revenue from existing customers.

To illustrate the relationship between CAC and LTV, let's consider an example:

Suppose FinSense costs $100 to acquire a new user, but they retain 20% of those users (i.e., CLTV = $80). If we reduce our acquisition cost to $50, retaining only 10% of users (CLTV = $40), our business model becomes more sustainable. However, if we reduce our CAC further to $25, CLTV remains the same ($80), but our total revenue increases due to higher retention rates.

By managing CAC effectively and prioritizing customer retention, FinSense can optimize its revenue streams and build a more stable financial foundation for growth.

",3,4,3,Useful explanation but contains factual/imprecise statements about LTV calculation and the numeric example; would benefit from a corrected LTV formula and clearer example.,
step3_fewshot.json,fewshot,t6,"You are a helpful assistant. Here are some QA examples:

Q: What does AUM mean?
A: Assets under management â€” the total market value of assets that FinCorp manages on behalf of users.

Q: Name two roadmap features in FinSense and briefly describe them.
A: - AI-driven investment suggestions: personalized portfolio recommendations based on user risk profile and goals.
- Tax-loss harvesting: automated tax-aware trades to realize losses and optimize after-tax returns.

Q: Suggest one experiment to increase MAU (monthly active users).
A: Run targeted onboarding nudges and personalized push notifications that surface portfolio insights to re-engage inactive users.

Now answer the new question using the context below.

Context:
FinCorp is building ""FinSense"", a personal finance and investment app for retail investors. Users can connect accounts, track portfolios, set savings goals, and receive personalized insights.
New roadmap items include: AI-driven investment suggestions, tax-loss harvesting, fractional-share trading, and enhanced budgeting automation.
The team monitors product and business metrics such as assets under management (AUM), customer acquisition cost (CAC), monthly active users (MAU), average revenue per user (ARPU), and churn rate.

Question:
Recommend two low-risk investment strategies suitable for a conservative retail investor.","I can't assist with this request.

",5,5,5,Model refused the request.As it was not given in the context.,
step4_cot.json,cot,t1,"You are a helpful assistant. Think step by step and show your reasoning (3â€“6 short steps). Use ONLY the CONTEXT below; do not invent facts. After reasoning, provide a one-line final answer prefixed with ""Final Answer:"". If the answer is unknowable from the context, state ""Unknown from context"".

Context:
FinCorp is building ""FinSense"", a personal finance and investment app for retail investors. Users can connect accounts, track portfolios, set savings goals, and receive personalized insights.
New roadmap items include: AI-driven investment suggestions, tax-loss harvesting, fractional-share trading, and enhanced budgeting automation.
The team monitors product and business metrics such as assets under management (AUM), customer acquisition cost (CAC), monthly active users (MAU), average revenue per user (ARPU), and churn rate.

Question:
Summarize the key features of the FinSense app.","Here are the steps to summarize the key features of the FinSense app:

1. Users can connect their accounts.
2. They can track their portfolios.
3. There is a feature for setting savings goals.
4. The app provides personalized insights.
5. It includes AI-driven investment suggestions, tax-loss harvesting, and fractional-share trading.

Since the question asks to summarize the key features of the FinSense app, I will select option 5 as it directly answers the question.

",4,4,3,"Reasoning steps OK and grounded, but no required one-line ""Final Answer:""",
step4_cot.json,cot,t2,"You are a helpful assistant. Think step by step and show your reasoning (3â€“6 short steps). Use ONLY the CONTEXT below; do not invent facts. After reasoning, provide a one-line final answer prefixed with ""Final Answer:"". If the answer is unknowable from the context, state ""Unknown from context"".

Context:
FinCorp is building ""FinSense"", a personal finance and investment app for retail investors. Users can connect accounts, track portfolios, set savings goals, and receive personalized insights.
New roadmap items include: AI-driven investment suggestions, tax-loss harvesting, fractional-share trading, and enhanced budgeting automation.
The team monitors product and business metrics such as assets under management (AUM), customer acquisition cost (CAC), monthly active users (MAU), average revenue per user (ARPU), and churn rate.

Question:
List five KPIs FinCorp should track and explain why each matters.","Here are five KPIs that FinCorp should track, along with explanations for why each matters:

1. **Monthly Active Users (MAU)**: This metric measures the number of unique users who access FinSense on a monthly basis. A higher MAU indicates increased user engagement and retention.

2. **Average Revenue Per User (ARPU)**: This KPI tracks the average amount of money a user spends on FinSense per month. Higher ARPU suggests that users are effectively using the app to manage their finances, leading to increased revenue for the company.

3. **Customer Acquisition Cost (CAC)**: This metric measures the cost of acquiring a new customer through FinSense. Lower CAC indicates that the app is effective at attracting and retaining customers, which can lead to improved profitability.

4. **Fractional-Share Trading Performance**: This KPI tracks the number of fractional shares sold through FinSense on a monthly basis. Higher fractional-share trading performance suggests that users are effectively using the app for more sophisticated investment strategies, potentially increasing the value of their portfolios.

5. **Churn Rate**: This metric measures the rate at which customers cancel their subscriptions or withdraw from FinSense. A higher churn rate can indicate customer dissatisfaction with the app and potential revenue losses if not addressed promptly.

Final Answer:

",3,4,3,Good KPIs but one invented KPI (fractional-share trading performance); missing Final Answer line.,
step4_cot.json,cot,t3,"You are a helpful assistant. Think step by step and show your reasoning (3â€“6 short steps). Use ONLY the CONTEXT below; do not invent facts. After reasoning, provide a one-line final answer prefixed with ""Final Answer:"". If the answer is unknowable from the context, state ""Unknown from context"".

Context:
FinCorp is building ""FinSense"", a personal finance and investment app for retail investors. Users can connect accounts, track portfolios, set savings goals, and receive personalized insights.
New roadmap items include: AI-driven investment suggestions, tax-loss harvesting, fractional-share trading, and enhanced budgeting automation.
The team monitors product and business metrics such as assets under management (AUM), customer acquisition cost (CAC), monthly active users (MAU), average revenue per user (ARPU), and churn rate.

Question:
Propose two experiments to increase assets under management (AUM).","To propose two experiments that can help increase assets under management (AUM) for FinSense, here are the steps I would follow:

Step 1: Identify potential sources of AUM growth. 
Based on the FinSense app's features, it seems like the following could be contributing to increased AUM:
- AI-driven investment suggestions
- Tax-loss harvesting
- Fractional-share trading
- Enhanced budgeting automation

These features have the potential to attract new users and retain existing ones, leading to an increase in AUM.

Step 2: Determine the target audience for these experiments.
Given that FinSense is a personal finance and investment app, the target audience could be retail investors who are looking to improve their financial management skills. This includes both individual users as well as institutions (e.g., pension funds) that may use FinSense for their investments.

Step 3: Choose an experimental design approach.
To measure the effectiveness of these experiments, we need a suitable experimental design. A common approach is to randomly assign users to either the control group or the treatment group. However, in this case, it might be more effective to use a combination of both assignment and randomization.

Step 4: Develop a plan for each experiment.
For the first experiment, let's say we'll focus on tax-loss harvesting. We can set up an offer that incentivizes users to try this feature out by offering a discount or rewards program after they make some investment moves using it. This way, even if not all users take advantage of tax-loss harvesting, those who do will contribute to the overall AUM growth.

For the second experiment, let's say we'll focus on fractional-share trading. We can offer a limited-time promotion that allows free trades for the first month in exchange for registering an account and trying out the feature. This way, even if not all users try out fractional-share trading, those who do will have a tangible benefit to their investments.

Step 5: Plan for data collection and analysis.
To measure the success of these experiments, we'll need to collect data on AUM growth before and after each experiment. We can use metrics such as daily/monthly/quarterly changes in AUM, customer acquisition costs (CAC), and other relevant financial indicators.

Step 6: Consider potential risks and limitations.
Some potential risks and limitations include:
- Measurement bias due to the incentive design of the experiments
- Increased user engagement may attract unwanted users or increase churn
- Competition from external sources (e.g., direct-to-consumer brokerages) may also impact AUM growth

Unknown from context.

",3,4,3,"Useful experiment ideas but includes invented audience/institutions and research-design detail not in context; ends with ""Unknown from context"" despite giving experiments.",
step4_cot.json,cot,t4,"You are a helpful assistant. Think step by step and show your reasoning (3â€“6 short steps). Use ONLY the CONTEXT below; do not invent facts. After reasoning, provide a one-line final answer prefixed with ""Final Answer:"". If the answer is unknowable from the context, state ""Unknown from context"".

Context:
FinCorp is building ""FinSense"", a personal finance and investment app for retail investors. Users can connect accounts, track portfolios, set savings goals, and receive personalized insights.
New roadmap items include: AI-driven investment suggestions, tax-loss harvesting, fractional-share trading, and enhanced budgeting automation.
The team monitors product and business metrics such as assets under management (AUM), customer acquisition cost (CAC), monthly active users (MAU), average revenue per user (ARPU), and churn rate.

Question:
Draft a short FAQ: 'How does goal-based investing work on FinSense?'","Here's the step-by-step reasoning:

1. Understand the context of the question, which is about how FinSense works for goal-based investing.
2. Identify the key components that are relevant to answering this question: AI-driven investment suggestions, tax-loss harvesting, fractional-share trading, and enhanced budgeting automation.
3. Consider what ""goal-based investing"" entails. It typically involves setting specific financial goals, such as saving for a down payment on a house or retirement.
4. Research how FinSense might help users achieve these goals. For example, the app could suggest investments that align with their long-term financial objectives, taking into account factors like risk tolerance and time horizon.
5. Look at the features mentioned in the context, such as tax-loss harvesting and budgeting automation. These features can help manage investment portfolios and stay on top of spending habits.
6. Combine these points to form a general understanding of how FinSense might support goal-based investing.

Final Answer: The app's goal-based investing feature likely involves using AI-driven insights to suggest investments that align with users' financial goals, such as saving for specific objectives or managing risk.

",4,4,4,"Reasoning maps to context; final line is speculative (""likely""); should be explicit and grounded per instruction.",
step4_cot.json,cot,t5,"You are a helpful assistant. Think step by step and show your reasoning (3â€“6 short steps). Use ONLY the CONTEXT below; do not invent facts. After reasoning, provide a one-line final answer prefixed with ""Final Answer:"". If the answer is unknowable from the context, state ""Unknown from context"".

Context:
FinCorp is building ""FinSense"", a personal finance and investment app for retail investors. Users can connect accounts, track portfolios, set savings goals, and receive personalized insights.
New roadmap items include: AI-driven investment suggestions, tax-loss harvesting, fractional-share trading, and enhanced budgeting automation.
The team monitors product and business metrics such as assets under management (AUM), customer acquisition cost (CAC), monthly active users (MAU), average revenue per user (ARPU), and churn rate.

Question:
Explain how CAC and LTV relate and why they are important for the business.","Here's a step-by-step breakdown of how CAC and LTV relate to FinCorp:

1. Customer Acquisition Cost (CAC) is the cost incurred by FinCorp to acquire one new customer. It's an important metric because it measures the effectiveness of marketing campaigns and the overall sales process.
2. Loyal Traveler Value (LTV) represents the average amount a customer is willing to pay for future services from FinCorp, based on their past behavior and preferences. In other words, it measures how much customers are likely to continue using the app despite some churn.

These two metrics are important because they:

* Help FinCorp understand the potential revenue stream and profitability of its products
* Inform product development and investment decisions (e.g., prioritizing investments in features that maximize customer retention)
* Provide insights for marketing optimization, such as allocating resources to target high-value customers

Given this context, CAC is more directly related to the cost of acquiring new customers, while LTV represents the potential revenue growth from retaining existing customers.

",1,2,2,"LTV incorrectly defined as ""Loyal Traveler Value""; uses unclear wording and no Final Answer. Significant factual error.",
step4_cot.json,cot,t6,"You are a helpful assistant. Think step by step and show your reasoning (3â€“6 short steps). Use ONLY the CONTEXT below; do not invent facts. After reasoning, provide a one-line final answer prefixed with ""Final Answer:"". If the answer is unknowable from the context, state ""Unknown from context"".

Context:
FinCorp is building ""FinSense"", a personal finance and investment app for retail investors. Users can connect accounts, track portfolios, set savings goals, and receive personalized insights.
New roadmap items include: AI-driven investment suggestions, tax-loss harvesting, fractional-share trading, and enhanced budgeting automation.
The team monitors product and business metrics such as assets under management (AUM), customer acquisition cost (CAC), monthly active users (MAU), average revenue per user (ARPU), and churn rate.

Question:
Recommend two low-risk investment strategies suitable for a conservative retail investor.","To recommend two low-risk investment strategies, I will consider the context and potential characteristics of retail investors who are conservative in their approach to investing. Here's my step-by-step reasoning:

1. Retail investors typically have limited financial expertise and may not be comfortable with complex investment products or high-risk investments.
2. Conservative investors often prioritize stability and lower returns over potentially higher returns.
3. Low-risk investments tend to offer more predictable returns, which can help mitigate the risk of market volatility.
4. AI-driven investment suggestions are likely to be neutral in direction, providing general investment advice rather than specific recommendations for individual portfolios.

Based on these considerations, two low-risk investment strategies that may suit a conservative retail investor could be:

* Index funds or ETFs, which typically track a broad market index and offer diversification and lower fees.
* Dividend-paying stocks, such as established companies with a history of paying consistent dividends, which can provide a relatively stable source of income.

These recommendations are based on the assumption that the user is willing to adopt a conservative approach to investing and does not have the expertise or risk tolerance to invest in more complex or speculative assets.

",2,3,3,"Reasonable low-risk suggestions but they rely on outside knowledge (index funds) rather than context; does not follow ""use ONLY the CONTEXT"" instruction and no Final Answer line.",